{
  "mae": 86267.53887,
  "rmse": 121118.34811334252,
  "r2": 0.9737032214473362,
  "rows": 1000
}